postdate,title,link,bloggername,description
20260213,"전 야구선수 문경찬 아내 개그우먼 박소영, 38세에 &quot;시험관... ",https://blog.naver.com/iamconquer/224183028969,천천히확실하게♡,"남편이 사줬다는 칼슘, 마그네슘, <b>비타민D</b>, 엽산, 아연, 망간까지 다양하게 들어있는 영양제랑 난자 질을 좋게 해준다는 영양제, 주변에 임신한 친구들이 도움 될 것 같다고 사준 비건 프로바이오틱스까지! 이... "
20260213,<b>비타민D</b>결핍 마음에 들었어요.,https://blog.naver.com/aporsteesv1121/224183028083,aporsteesv1121님의 블로그,"<b>비타민D</b>결핍 마음에 들었어요. 한국인의 심각한 비타민 결핍 현황 비타민 햇빛 비타민은 단순히 뼈 건강에만 국한된 아니에요. 주말에 쉬어도 해결되지 않는 피로를 줄여줬고, 제품이라는 점이 더 마음에... "
20260213,버섯 종류와 눈 건강 관계,https://blog.naver.com/xxn176obf/224183026936,끝없는하늘,"비타민 A, C, E와 같은 항산화 영양소가 풍부한 식품을 섭취하고, 특히 버섯 종류를 포함한 다양한 채소와... 특히, 표고버섯, 느타리버섯, 새송이버섯 등은 <b>비타민 D</b>와 셀레늄이 풍부해 눈을 보호하는 역할을... "
20260213,환절기 면역 걱정이라면 '이것' 챙기세요! 5천원으로 면역... ,https://blog.naver.com/mrs_tinypea/224178379386,완두콩's,"토마토 토마토에는 비타민 C와 라이코펜 성분이 풍부하게 들어 있어 면역 관리에 도움이 되는데요.... 계란 계란은 단백질과 <b>비타민 D</b>, 아연이 고루 들어 있는 균형 잡힌 식품이에요. 단백질은 면역 세포를... "
20260213,<b>비타민 D</b> 부족시 나타나는 증상과 자세 교정의 관계(피지컬... ,https://blog.naver.com/physicalmovement/224115747527,피지컬무브먼트 / PMA / 양원 필라테스,"양원역 필라테스 (피지컬 무브먼트) 현대인들이 가장 흔하게 챙겨 먹는 영양제를 꼽으라면 단연 <b>비타민 D</b>와 비타민C일 것입니다. 하지만 이 영양소들이 단순히 면역력을 높이는 것을 넘어, 우리가 매일... "
20260213,️ 기계 태닝 vs 야외 태닝,https://blog.naver.com/royalbronze_chungbuk/224183025072,로얄브론즈 충북혁신도시점,"햇빛은 <b>비타민 D</b>가 생긴다는데, 기계 태닝도 그런가요? 겉보기에는 둘 다 자외선을 받는 것처럼... 유발  <b>비타민 D</b> 합성에 관여 즉,  <b>비타민 D</b>는 UVB에 의해 생성돼요.  색이 올라오는 반응은 UVA와 UVB 모두... "
20260213,"잇몸 건강 지키는 식탁의 비밀 입안 상처, 왜 오래갈까?",https://blog.naver.com/3w5i77ml/224183024387,메종드카페,"식단에서 잇몸 건강을 챙기는 방법 비타민 C가 풍부한 과일과 채소는 콜라겐 생성을 촉진하여 잇몸을 튼튼하게 합니다. 칼슘과 <b>비타민 D</b>는 치아와 잇몸 뼈를 강화하는 데 도움을 줍니다. 또한, 오메가-3 지방산은... "
20260213,[남해 썬룸 1편] &quot;이제 수영장 대신 풍경을 담습니다&quot;,https://blog.naver.com/fvdaom/224183023744,포레스트뷰 썬룸의 블로그,"<b>비타민 D</b>가 쏟아지고 세로토닌이 샘솟는 이 거대한 공간이 어떻게 채워질지, 다음 공정도 기대해 주세요! 상담부터 설계, 시공까지 포레스트뷰가 직접 책임지고 고민하겠습니다. 지금, 당신의 마당에 가장... "
20260213,[압구정로데오 약국 새하나약국]어린이 영양제-챔큐비타시럽... ,https://blog.naver.com/sehanapharm/224183022779,새하나약국,병중·병후 회복기에 필요한 영양을 보충해 주는 일반의약품 비타민 제제입니다. 챔큐 비타는 어떤... 이미 아연이나 <b>비타민D</b>를 복용 중인 경우에는 성분 중복 여부를 반드시 확인하는 것이 좋습니다. 단기... 
20260213,[중앙대 헬스장]  여자 생리주기 다이어트 전략,https://blog.naver.com/bigbrogymsangdo/224183021849,bigbrogymsangdo님의 블로그,이완) 비타민B군 오메가3 이 시기의 목표는 ❌ 감량 ✔ 회복 &amp; 유지입니다.  2️⃣ 생리 직후 ~ 배란 전... ✔ 추천 영양제 L카르니틴 (운동 전) <b>비타민D</b> 오메가3 유산균  한 달 감량의 승부는 이 시기입니다.... 
20260213,"체중 감량, 뜻밖의 치아 건강 효과?",https://blog.naver.com/7mx368mg/224183021033,가을마당,"특히 칼슘과 <b>비타민 D</b>는 뼈와 치아를 튼튼하게 하는 데 중요한 역할을 하거든. '치아 건강과 체중의 관계는' 식습관과 직결된다는 점, 명심하고 건강하게 체중 관리하자. 교정 중 치실, 인내심을 갖고 꾸준히! 교정... "
20260213,"정형외과 건강상식, 꼭 알아야 할 기본 지식",https://blog.naver.com/happyhappy_777/224183020874,뚱뚱바 님의블로그,"- 영양섭취: calcium과 <b>비타민 D</b>가 풍부한 음식을 섭취하는 것이 뼈 건강에 이롭습니다. 정형외과적 문제는 많은 사람에게 영향을 미칠 수 있지만, 올바른 정보와 예방 조치를 통해 건강한 삶을 유지할 수 있습니다.... "
20260213,관절엔 콘드로이친 1200 뮤코다당단백 뉴트원 관절 연골 60정... ,https://blog.naver.com/permit485/224183019410,permit485님의 블로그,"주원료 외에도 관절 건강에 긍정적인 시너지를 낼 수 있는 보스웰리아 추출분말, 피쉬콜라겐, <b>비타민 D</b> 등의 부원료가 조화롭게 배합되어 다각적인 케어를 지원합니다. 인체적용시험 자료를 보유한 원료를... "
20260213,"어린이, 노약자, 임산부를 위한 치아 건강 관리 방법",https://blog.naver.com/sks1gustn/224183018644,트레비앙,"필수 영양소 섭취: 칼슘, 비타민 C, <b>비타민 D</b>를 포함한 건강한 식사를 통해 태아의 치아 형성에도 기여하고 임산부의 구강 건강도 지킬 수 있습니다. 3. 전문가와의 상담: 임신 중에는 치과 치료가 필요할 수... "
20260213,"마그네슘이란,효능,섭취",https://blog.naver.com/wyfit01/224183018329,양정현대헬스 님의 블로그,9.같이 먹으면 좋은 영양제 (시너지) 비타민B6(피리독신) : 마그네슘의 세포 내 흡수를 돕고 신경 안정 효과를 증폭시킨다. 칼슘 &amp; <b>비타민D</b> : 뼈 대사의 핵심 짝꿍이다. (권장 비율 / 칼슘 : 마그네슘 = 2 : 1 또는 1... 
20260213,"프로바이오틱스 포함 유산균, 하이헬스 시크릿 이너가든 여성... ",https://blog.naver.com/079200/224183018166,배고픈 동동이,한국인이 <b>비타민d</b> 부족하신분들 많다고 하는데 비타민까지 보충되고 좋아요 ^^ 일주일 정도 먹으니 화장실도 편해지는 느낌~ 하루이틀 먹어선 효과가 없고 일주일은 먹어줘야 화장실도 잘 가게 되는거 같아요.... 
20260213,흑석동 고지혈증 고지혈증의 원인과 증상,https://blog.naver.com/kimildoc/224182825510,"우수내시경실 인증 병원, 용산성모내과","세포막을 만들고, 호르몬을 생성하며, <b>비타민 D</b>를 합성하는 데 중요한 역할을 합니다. 문제는 필요 이상으로 많아질 때입니다. 콜레스테롤에는 여러 종류가 있는데, 보통 LDL은 나쁜 콜레스테롤, HDL은 좋은... "
20260213,활력 되찾는 건강 습관 운동과 간식의 조화,https://blog.naver.com/cvr3veob/224183017460,창조와 혁신,"특히 뼈와 근육 건강에 좋은 칼슘, <b>비타민D</b>, 단백질이 풍부한 간식을 챙겨 드시는 것이 좋습니다. 예를 들어, 견과류나 요거트, 과일 등은 훌륭한 선택이 될 수 있습니다. 건강 간식은 치료 효과를 높이고 회복을... "
20260213,[인천논현역헬스장/굿바디핏]과메기의 효능과 다이어트 시... ,https://blog.naver.com/goodbody-fit/224183017568,인천논현동헬스장굿바디핏,3️⃣ <b>비타민 D</b> 풍부 → 뼈 건강 해풍 건조 과정에서 <b>비타민 D</b> 농도가 높아진답니다! ✔ 칼슘 흡수 촉진 ✔ 골밀도 유지 ✔ 면역력 강화 겨울철 햇빛 노출이 적을 때 특히 좋답니다! 4️⃣ 비타민 A → 눈 &amp; 점막... 
20260213,임신준비_06. 임신준비기간 총정리(24년 10월 ~ 25년 12월),https://blog.naver.com/m_orebetter/224183015656,⋆⁺ 다정한 날들 ⁺⋆,"난임검사와 나팔관 조영술&gt; 난임검사에선 모두 정상범위이나, <b>비타민D</b>수치만 낮게 나왔다. 이후... 엽산, 칼마디, 오메가3, 유산균, <b>비타민D</b>(12월 추가)  엽산, 칼마디, 오메가3, 유산균, 마카(8월 추가)"
20260213,닥터브라이언 비타민C <b>비타민D</b> 3000 복숭아맛 젤리 100구미... ,https://blog.naver.com/bksmidnight/224183015462,bksmidnight님의 블로그,"평소 비타민C와 D를 챙기기 귀찮았는데, 닥터브라이언 비타민C <b>비타민D</b> 3000 복숭아맛 젤리가 맛도 좋아서 꾸준히 먹기 편하더라고요. 솔직하게 말씀드릴게요, 복숭아맛 덕분에 매일 챙기기 부담 없었고 건강도... "
20260213,임당검사 통과 후기 (수치 132)｜전날 뭐 먹었을까? 감자탕... ,https://blog.naver.com/m1n0j/224183014822,이퓨리답게,이번 기회에 ✔ 철분 복용 시간 확인 (공복 or 비타민C와 함께) ✔ 칼슘과 철분 동시 복용 피하기 ✔ <b>비타민D</b> 용량 재점검 까지 꼼꼼히 체크할 예정입니다.  임당검사 앞둔 분들께 ✔ 전날 과하게만 먹지 않기... 
20260213,내 '난소 나이'는 몇 살일까요?,https://blog.naver.com/lizinwoman/224183014657,리즈인 여성의원 - 난임 클리닉,"<b>비타민 D</b> 섭취: <b>비타민 D</b>가 부족하면 AMH 수치가 낮게 나올 수 있다는 연구가 있어요. 햇볕을 쬐거나 영양제를 챙겨 드세요. 피임약: 피임약을 오래 복용했다면 일시적으로 수치가 낮게 나올 수 있으니, 약을... "
20260213,천심액(천왕보심단) 효과? 불면·불안·초조·두근거림 [태전약국],https://blog.naver.com/pharm2271/224183015090,"빵은 성심당, 약은 태전약국","마그네슘은 신경 안정과 근육 이완에 관여하며, <b>비타민D</b>는 마그네슘 활용과 전반적인 생리 기능에 관여합니다. 그리고 과도한 생각에 잠기거나 꿈이 많으 신분들은 고함량 신경비타민과 함께 드시는 것도 좋은... "
20260213,"만년해로에서 제공하는 콘드로이친 1200, 건강을 책임지는 비밀",https://blog.naver.com/ehdaudrud12/224183014018,소정의 브런치플랜,"비타민 및 미네랄 비타민 및 미네랄 비타민K, <b>비타민D</b>, 망간, 아연 등이 모두 1일 기준치 100%로 포함되어 있습니다. 이렇게 다양한 영양소가 함께 들어가 있어서 관절과 뼈 건강에도도움을 줄 것 같더라고요.... "
20260213,"아이 치아 관리, 달콤한 유혹을 이기는 습관",https://blog.naver.com/xrxn12xf/224183013782,박하사탕,칼슘과 <b>비타민 D</b>가 풍부한 음식을 섭취하는 것도 튼튼한 치아를 만드는 데 도움이 됩니다. 건강한 식습관으로 아이의 치아를 지켜주세요. #아이칫솔질 #불소치약 #무불소치약 #빵당분제거 #치아관리 #유아치아... 
20260213,관절 불편감 원인과 정확한 검사 및 효과적인 관리법 완벽 가이드,https://blog.naver.com/iptgahpssrg67448/224183014246,좋은 날,"체중 관리는 관절 부담을 줄이는 데 효과적이며, 칼슘과 <b>비타민 D</b>가 풍부한 식단 섭취는 뼈와 관절 강화를 돕습니다. 이러한 습관들이 관절 손상 예방과 통증 완화에 큰 도움을 줍니다. 관절 증상 악화 시... "
20260213,매나테크 - 브레인플러스 출시,https://blog.naver.com/smred59/224183012233,매나테크 윤수미 01052743810,✨ 브레인 플러스 리뉴얼 새학기 프로모션 프로모션기간 ㅣ 2월 23일(월) 오후 4시 ~2월 27일(금) 오후 4시 한정 수량 소진 시 프로모션 조기종료 집중 밸런스 세트 브레인 플러스 오메가-3 위드 <b>비타민D</b> 인지... 
20260213,일상 속 작은 습관으로 <b>비타민D</b> 챙기며 활력 찾기,https://blog.naver.com/dncfoieejuz22174/224183012724,성장의 기회,"<b>비타민D</b>가 부족하다고 느낄 때 답답하고 무기력한 마음, 저도 잘 알고 있습니다. 매일 활력을 찾고 싶지만 어디서부터 시작해야 할지 막막할 때가 많습니다. <b>비타민D</b>의 중요성을 알면서도 어떻게 챙겨야 할지... "
20260213,"허리 건강을 지키는 음식, 무엇이 있을까?",https://blog.naver.com/jdmj3799/224183012109,새벽하늘의 블로그,"칼슘과 <b>비타민 D</b>가 풍부한 음식 허리 건강을 위해서는 뼈의 건강도 중요합니다. 칼슘과 <b>비타민 D</b>는 뼈를 튼튼하게 유지하는 데 필요합니다. 유제품, 시금치, 브로콜리와 같은 칼슘이 풍부한 음식과 햇볕을 통해... "
20260213,관절과 근육 건강을 위해 꼭 알아야 하는 정보,https://blog.naver.com/hyongni/224183011892,Ginger's page,"<b>비타민 D</b>와 칼슘 섭취가 중요하며, 이를 통해 뼈의 밀도를 유지할 수 있습니다. 또한, 적절한 체중 부하 운동은 뼈를 강화하는 데 도움이 됩니다. 자외선에 노출되어 자연적으로 <b>비타민 D</b>를 생성하는 것도... "
20260213,"노년기 관절 건강, 올바른 관리법과 팁 알아보기",https://blog.naver.com/ekm9076/224183010761,찌율맘의 소소한일상♡,"또한, <b>비타민 D</b>는 칼슘 흡수를 도와 관절을 더욱 튼튼하게 만드는 데 기여하므로, 햇볕을 충분히 받거나 보충제를 고려하는 것도 좋은 방법입니다. 3. 체중 관리 과체중은 관절에 부담을 주고 퇴행성 변화의... "
20260213,피부톤 되돌리는 비법? 녹차 한 잔의 마법!,https://blog.naver.com/e1xwy1a5/224183011040,행복했던 날들,"햇빛이 피부 톤을 망치는 건 사실이지만, <b>비타민 D</b> 생성에는 꼭 필요해. 적당한 햇볕은 보약! 하지만 자외선 차단은 필수라는 거, 잊지 마. 선크림, 모자, 선글라스로 철통 방어하자! 클렌징, 꼼꼼함이 생명!... "
20260213,"어린이, 노약자, 임산부를 위한 치아 건강 관리 방법",https://blog.naver.com/my8729/224183009957,my8729님의 블로그,영양 섭취: 뼈 건강을 위해 칼슘과 <b>비타민 D</b>가 풍부한 음식을 섭취하세요. 뼈와 치아의 건강을 지원하는 데 도움이 됩니다. 3. 정기적인 치과 방문: 노약자는 치아와 잇몸 문제를 조기에 발견하고 치료할 수... 
20260213,<b>비타민 D</b>의 중요성과 치아 건강에 미치는 영향,https://blog.naver.com/haengul712/224183010192,커피먹고싶다님의블로그,"<b>비타민 D</b>의 기능 <b>비타민 D</b>는 주로 햇빛을 통해 피부에서 생성되고, 일부 식품에서도 섭취 가능합니다. 이 비타민은 칼슘과 인의 흡수를 돕고, 뼈와 치아의 건강 유지에 필수적인 역할을 합니다. <b>비타민 D</b>가... "
20260213,<b>비타민 D</b>가 치아 건강에 미치는 영향,https://blog.naver.com/ainackerman/224183009555,⠀,"<b>비타민 D</b>는 인체의 여러 생리적 과정에 중요한 역할을 하는 영양소로, 특히 치아 건강과 매우 밀접한 관계가 있습니다. <b>비타민 D</b>의 주된 기능 중 하나는 칼슘과 인의 흡수를 도와 주는 것입니다. 이는 치아와... "
20260213,"무릎 삐걱 소리와 뻣뻣함, 퇴행성 관절염 최악의 위험 신호",https://blog.naver.com/itdigital_/224182621136,TechLife Hub,근력운동 <b>비타민D</b> 물리치료 목 스트레칭 콘드로이친 발보폭 깔창 금 수영 30분 종합비타민 무릎 마사지 토 보행분석 - 휴식 일 평가 - 다음주 계획 합병증 예방 체크리스트 □ 체중 주 1회 측정 (BMI 25 미만)... 
20260213,인천 피로가 계속된다면? <b>비타민 D</b> 주사 후기 인천 복십자의원,https://blog.naver.com/kst9886/224182844975,따숨한 발걸음,음료로는 <b>비타민 D</b> 주사 한 번의 용량을 맞추기 어렵다. 주사 용량에 맞추려면 200~300병을 한 번에 마셔야 한다는 계산이 나온다. 현실적으로 불가능한 양이었다. 결국 효율과 농도의 차이였다. Q3. 젤리 비타민은... 
20260213,무릎 통증·관절염 완화를 위한홈케어 루틴,https://blog.naver.com/faraykorea1/224182702518,인포버스,"<b>비타민 D</b> &amp; 칼슘: 뼈 건강에 필수적이며, 유제품, 멸치, 시금치, 햇볕을 통해 섭취할 수 있습니다. 관절에 좋은 항염증 식품 마늘(알리신의 항염 작용), 생강(진저롤의 항염 작용), 강황(커큐민의 항염 작용)... "
20260213,"손통증, 원인과 증상 함께 알아보기",https://blog.naver.com/sajapyung/224183008939,맛있는 건 언제나 옳아,"뼈와 관절 건강에 필요한 칼슘과 <b>비타민D</b>를 충분히 섭취해야 합니다. 우유, 치즈, 멸치, 두부 등이 도움이 됩니다. 견과류는 비타민E와 좋은 지방을 제공하여 관절 건강에 유익합니다. 반대로 가공식품, 튀김... "
20260213,피부 속삭임 편안함이 샘솟는 이유,https://blog.naver.com/cbljdxo5/224183008516,cbljdxo5님의 블로그,"피부의 역할 피부는 외부 자극으로부터 우리 몸을 보호하는 역할 외에도, 체온 조절, 감각 인지, <b>비타민 D</b> 합성 등 다양한 기능을 수행합니다. 건강한 피부는 건강한 삶의 필수 조건이라고 해도 과언이 아닙니다.... "
20260213,오메가영양제 추천과 핵심 비교 모음,https://blog.naver.com/cogkwn8928/224183007341,시간을 건너는 메모,"1200 <b>비타민D</b> 2개월분 바쁜 현대인에게 적합한 이 제품은 캐나다산 초임계 기술로 제조되어 높은 품질을 자랑합니다. EPA와 DHA의 농축도가 높아 두뇌 발달과 심혈관 건강에 기여하며, <b>비타민D</b>까지 함유되어... "
20260213,시간을 멈추는 10분 투자 뼈 건강의 비밀,https://blog.naver.com/3rayplok/224183006294,힙스터,"균형 잡힌 식단, 뼈 건강의 기본 칼슘과 <b>비타민D</b>는 뼈 건강에 필수적인 영양소입니다. 우유, 치즈, 요구르트 등 유제품을 충분히 섭취하고, 햇볕을 쬐어 <b>비타민D</b>를 보충하세요. 브로콜리, 시금치 등 녹색 채소도... "
20260213,빛나는 피부를 위한 비밀! 수면 리듬이 피부 장벽을 지키는 방법,https://blog.naver.com/brave12013/224183005358,감사와 사랑이 있는 곳,아침 기상 시간을 늦추면 오히려 피부에 이득이 될까요 기상 시간이 늦춰지면 잠드는 시간도 덩달아 늦어지기 쉽고요 무엇보다 아침 햇살을 충분히 쬐지 못하게 되어 <b>비타민 D</b> 생성에 문제가 생길 수 있어요.... 
20260213,[류마일기] 린버크 벌써1년.건국대 이상헌교수님 진료중.,https://blog.naver.com/okee80/224183004659,초록지구인 장구니네 집,"근데,나는 커피는 디카페인으로 바꿨는데, 빵순이 밀가루를 몬끊겠다는거지 ㅜㅜ 식이요법 하시는 분들 진심존경 린버킁억을땐 <b>비타민D</b>를 꼭 챙겨먹으라고 이웃분이 말씀해주셔서 그것도 챙겨먹고, ABC쥬스도... "
20260213,암웨이 칼맥디 가격·성분·후원자번호 구매하는 법 정리,https://blog.naver.com/pschlang_chanwon2/224183003917,VIPS,"칼슘과 <b>비타민D</b>가 부족할 수 있겠다는 생각이 들었고, 운동을 즐기는 만큼 뼈 건강을 미리 관리하고 싶었습니다. 단순 칼슘이 아닌 마그네슘과 <b>비타민D</b>까지 함께 들어 있는 제품을 찾다가 칼맥디를 알게... "
20260213,"식후 가벼운 산책, 알고 보면 피부 건강의 비밀 병기예요!",https://blog.naver.com/couple_382/224183003958,즐거운 여행 일기,걷는 동안 느껴지는 상쾌함과 햇볕적당한 양의 <b>비타민 D</b>은 기분을 안정시키고 코르티솔 수치를 낮추는 데 기여해요. 이 호르몬의 안정화는 곧바로 피부의 염증 반응 감소로 이어지는 거예요. 만약 스트레스로... 
20260213,“칼슘만 먹으면 끝?” 뼈 건강 망치는 의외의 습관 5가지... ,https://blog.naver.com/trendywmvip/224183004596,트렌디우먼휘트니스VIP 강일역점,✔ <b>비타민 D</b> ✔ 단백질 ✔ 마그네슘 ✔ 규칙적인 운동 이 네 가지가 함께 가야 뼈 건강이 완성돼요. 특히 햇빛 노출과 근력운동은 필수입니다 ☀️ “칼슘만 먹으면 끝?” 뼈 건강 망치는 의외의 습관 5가지... 
20260213,"어린이, 노약자, 임산부를 위한 필수 치아 건강 관리 가이드",https://blog.naver.com/jajaksl1/224183000884,행복한 하루,영양 관리: 태아의 발달을 위해 칼슘과 <b>비타민 D</b>가 충분히 포함된 식단을 유지해야 합니다. 이러한 영양소는 치아 형성에도 도움을 줍니다. 3. 구강 위생: 임신 중에도 양치질과 치실 사용을 소홀히 해서는 안... 
20260213,"찰랑이는 기적, 머릿결 되살리는 비밀 레시피",https://blog.naver.com/4yxd2fsv/224183000411,브레드오븐카페,"<b>비타민 D</b>가 모발에 미치는 영향처럼, 우리 몸에 필요한 영양소는 모발 건강에도 직결됩니다. 단백질, 비타민, 미네랄을 골고루 섭취하고, 충분한 수분 섭취를 통해 모발에 생기를 불어넣어 주세요. 건강한 식단은... "
20260213,나도 모르게 '거북목' 되는 이유? 방치하면 진짜 큰일!,https://blog.naver.com/j3uq65m93mc/224182999772,호텔로맨틱디자인,"관절 건강 <b>비타민D</b> 중요성은 아무리 강조해도 지나치지 않아요. 뼈는 우리 몸의 기둥이니까요. 어릴 때부터 꾸준히 관리해야 튼튼하게 유지할 수 있죠. 칼슘 흡수를 돕는 <b>비타민D</b>, 햇볕만 쬐어도 충분할까요?... "
20260213,"피부 컨디션, 사계절 섭취 전략 수건의 숨겨진 비밀",https://blog.naver.com/td8jhmwl/224182999083,줄넘기 교육 체험,"특히 겨울철에는 <b>비타민D</b> 섭취에 신경 써야 해. 세안 마사지, 혈액순환 부스팅 세안할 때 그냥 물로만 헹구니? 잠깐 시간을 내서 얼굴 마사지를 해봐. 부드럽게 원을 그리듯 마사지하면 혈액순환이 촉진돼.... "
20260213,어금니 관리의 중요성: 이유와 효과적인 관리 방법,https://blog.naver.com/skadbal1234/224182998851,행복하자,특히 칼슘과 <b>비타민 D</b>가 풍부한 음식은 치아 건강에 도움이 됩니다. 4. 불소 제품 사용: 불소는 치아 표면을 강화하는 역할을 합니다. 불소가 포함된 치약이나 구강 세척제를 사용하면 충치 예방에 효과적입니다.... 
20260213,집밥이 보약이 되려면? 화식에 꼭 넣어야 할 기능성 재료 추천,https://blog.naver.com/ggom_doll_e/224182997843,꼼돌이 일기장,"자연이 선물한 천연 영양제, 파이토뉴트리언트 (Phytonutrients) 합성 비타민은 흉내 낼 수 없는 식물... 표고버섯 (Shiitake Mushroom) 핵심 성분: 베타글루칸(Beta-glucan), <b>비타민 D</b> 효능: 암세포 증식을 억제하고... "
20260213,"치아 건강을 위한 종합 가이드: 소금 가글, 유전자 요인, 그리고... ",https://blog.naver.com/w32wc4x5/224182995944,"도시 속 작은 각성, 작은 커피","칼슘과 <b>비타민 D</b>가 풍부한 음식을 섭취하여 치아와 잇몸을 건강하게 유지할 수 있으며, 당분이 많은 음식과 음료는 최소화하는 것이 좋습니다. 이처럼 다양한 방법으로 치아 건강을 유지하고 보호할 수 있으며... "
20260213,<b>비타민 D</b>가 치아 건강 유지에 미치는 역할과 중요성,https://blog.naver.com/fairy8765432/224182995545,fairy8765432님의 블로그,"<b>비타민 D</b>의 생리적 기능과 치아 조직 형성 과정 <b>비타민 D</b>는 칼슘과 인의 흡수를 돕는 중요한 지질용해성 비타민으로, 뼈와 치아의 건강 유지에 필수적입니다. 특히 치아의 주요 구성 성분인 법랑질과 상아질... "
20260213,"반짝반짝 건강 비법 빈혈 Bye, 스트레스 훨훨!",https://blog.naver.com/ltf8ag5e/224182995144,카페러버,"철분 흡수를 돕는 비타민 C 풍부한 과일과 함께 섭취하면 효과가 두 배! 빈혈 예방, 이제 똑똑하게... 햇볕은 <b>비타민 D</b> 합성을 도와 기분 전환에도 효과적이랍니다. 스트레스 해소는 물론, 뼈 건강에도 좋아요.... "
20260213,인천계란은 믿고 먹는 둥지계란,https://blog.naver.com/97-07-13-ho/224182994593,97-07-13-ho,"흰자는 단백질이 풍부하고 칼로리가 낮지만, 노른자에는 비타민과 미네랄이 풍부하게 들어 있습니다.... 단백질과 <b>비타민 D</b>, 칼슘 등이 풍부하여 뼈 건강을 지키고 면역력을 높여줍니다. 계란의 보관법 계란은... "
20260213,"50대, 이제 '돈' 대신 '근육'을 저금하세요! 걷기 운동의 대변신",https://blog.naver.com/ms_yishin/224182994863,하하호호 8초의 여유,우울감 해소: 햇볕을 쬐며 걸을 때 생성되는 <b>비타민D</b> 덕분에 마음이 한결 가벼워지고 수면의 질이 좋아졌습니다. 허리와 무릎 통증 완화: 올바른 자세로 꾸준히 하니 주변 근육이 강화되어 고질적인 통증이... 
20260213,마운자로 후기 가격 처방 효과 감량 솔직 후기,https://blog.naver.com/an970405/224182993568,행복하고 행복하고 해피해♡,비타민 B군 나이아신과 판토텐산 챙겼어요. 주사 부작용으로 피로 올 때 활력 줬어요. <b>비타민D</b>도 추가해서 면역력 유지했죠. 식이섬유 알로에와 치커리 뿌리로 변비 예방하고 붓기 줄었어요. 이 보조제들... 
20260213,부평탈모 원인별 맞춤 탈모 치료,https://blog.naver.com/m4ey7q5p8y/224182237914,이원진 대표원장-금맥한의원m4ey,"특히 영양 결핍이 원인인 경우에는 철분이나 <b>비타민 D</b> 등 영양소 보충이 중요한 역할을 합니다. 생활 습관과 치료 계획 또한, 약물과 화학처리, 또는 지나친 열 사용 등 두피와 모발에 과도한 손상을 주는 습관... "
20260213,초등학생종합영양제 비교 흑염소 엑기스 효과,https://blog.naver.com/janaggena/224182929477,Freety ; JIN,"키 성장기라 칼슘, <b>비타민D</b> 필수인데, 단순 비타민만으로는 부족할 것 같아 특별 성분 들어간 제품 찾았어요. 맘카페에서 흑염소 엑기스 효과 얘기 나오고, 초등학생 종합영양제 비교 글들 봤죠. 가격도 부담... "
20260213,남해 스카이워크 그네와 해안 산책로 걷기 좋은 이유,https://blog.naver.com/gsj289romvh/224181602464,민 현님의 블로그,"자연광 아래서 신체 활동을 하는 것은 <b>비타민D</b> 합성을 촉진하고 면역력 증진에도 긍정적이라는 연구 결과들이 있죠. 또한, 정신 건강 측면에서도 자연 속 걷기는 우울감 완화와 집중력 향상에 도움을 준다는... "
20260213,뼈 미네랄 영양제 추천 나우푸드 칼슘마그네슘 2개월 먹은... ,https://blog.naver.com/travel_tinkerbell/224182872233,건강지킴이 러브,"250mg <b>비타민D</b>3 200IU 아연 7.5mg 제품 특징: 칼슘:마그네슘 2:1 황금 비율 <b>비타민D</b>3, 아연 함유 Non-GMO 2. 왜 이 제품을 선택했나? 첫째, 칼슘이랑 마그네슘이 한 알에 다 들어있어요 따로따로 사면 귀찮은데, 이건... "
20260213,"미국의 홍삼 커큐민 함유 커큐민 골든젤리, 비염 걱정 줄이기... ",https://blog.naver.com/ashely98/224182992053,전설전율맘 우당탕탕 육아블로그,"필수영양소인 비타민C, <b>비타민D</b>, 아연, 엽산까지 한번에 챙길 수 있어요 첫째같은 경우엔 요즘 편식을 시작했는데 13가지 야채농축액을 담아 편식 걱정도 덜어주어 요즘 아침에 꼭 커큐민 골든젤리를... "
20260213,후디스 트루맘 박스 당첨 후기 &lt;일동 후디스&gt;,https://blog.naver.com/yumyum_happy_/224182988896,Yum's happiness,"아니라 비타민 2종 면역 영양소 아연 배합으로 아이를 위해 더 챙겨줄 수 있는 영양제인 거 같아요 추가로 영양제 샘플도 후디스몰에서 신청 가능합니다! 트루맘 영양제 4종 샘플 철분, <b>비타민D</b>, 모유 유래... "
20260213,"걷기만 해도 피부가 반짝이는 비밀, 산소와 함께하는 회복 라이프",https://blog.naver.com/respect_11802/224182988595,행복한 마음으로 쓰는 이야기,실내에서 할 수 있는 활동보다는 밖에 나가서 햇볕물론 자외선 차단제는 필수예요을 쬐며 걷는 것이 <b>비타민 D</b> 생성과 피부 회복에 훨씬 유리하답니다. Q. 피부 개선을 위해 얼마나 오래 걸어야 효용가 있을까요... 
20260213,임플란트 후 치아 관리: 건강한 치아를 위한 필수 가이드,https://blog.naver.com/dazzle276/224182988230,dazzle276님의 블로그,- 균형 잡힌 식사: 칼슘과 <b>비타민 D</b>가 많이 포함된 음식을 통해 치아와 잇몸의 건강을 지원합니다. 경우에 따라 보충제를 고려할 수 있습니다. - 스트레스 관리: 스트레스는 치아 건강에 악영향을 미칠 수 있으므로... 
20260213,"풍경을 디자인하는 '포레스트뷰 썬룸', 당신의 일상에 빛을... ",https://blog.naver.com/fvdaom/224182987998,포레스트뷰 썬룸의 블로그,"썬룸이 선사하는 '햇빛의 기적' : 행복과 건강 남해 전원주택 썬룸 시공사진 썬룸은 단순한 여유 공간을 넘어, 우리 가족의 몸과 마음을 치유하는 '천연 비타민 뱅크'입니다. 천연 <b>비타민 D</b>의 보고 행복 호르몬... "
20260213,고운햇살이 행복감을 높이는 과학적 근거,https://blog.naver.com/wipzjpjkn/224182987226,wipzjpjkn님의 블로그,"둘째, 햇빛은 <b>비타민 D</b> 생성에 필수적입니다. 피부가 햇빛 속 자외선 B(UVB)를 받으면 체내에서 <b>비타민 D</b>가 합성되는데, <b>비타민 D</b>는 면역 기능 강화뿐 아니라 뇌 기능에도 긍정적인 영향을 미칩니다. 특히 <b>비타민 D</b>... "
20260213,"무릎·연골 관리 루틴, 나우케어 관절스타 보스웰리아",https://blog.naver.com/onxair/224182987058,ON에어,나우케어 브랜드 스토어의 관절스타 보스웰리아 세라트린 <b>비타민D</b>(30정)은 관절과 뼈 건강을 함께... 여기에 <b>비타민D</b>를 함께 배합해 뼈 건강까지 함께 고려한 구성이 특징이에요. 30정 구성으로 한 달 단위... 
20260213,치아 건강을 위한 필수 영양소와 관리 방법,https://blog.naver.com/ul1xkn0/224182987252,ul1xkn0님의 블로그,"또한, 뼈와 치아의 건강에 필수적인 <b>비타민 D</b>는 칼슘이 몸에 잘 흡수될 수 있도록 돕습니다. <b>비타민 D</b>는... 또 다른 중요한 영양소인 비타민 C는 잇몸 건강에 필수적입니다. 비타민 C는 잇몸 조직을 강화하여 치주... "
20260213,자외선의 정체와 피부에 미치는 영향,https://blog.naver.com/decidde12722/224182986411,Crimson,"자외선은 소량일 때 <b>비타민 D</b> 합성에 도움을 주지만, 과하면 색소 침착과 기미, 잡티를 악화시킬 수 있어요. 반복 노출은 피부 면역 기능도 약화시킵니다. 자외선 차단을 위해 외출 15~30분 전 자외선 차단제를... "
20260213,"어린이, 노약자, 임산부를 위한 치아 건강 관리 방법",https://blog.naver.com/ladyskc11/224182985990,ladyskc11님의블로그,"건강한 식습관: 임산부는 충분한 영양을 섭취해야 하므로, 칼슘과 <b>비타민 D</b> 등 치아 건강에 중요한 영양소가 포함된 식단을 구성하는 것이 필요합니다. 이처럼 어린이, 노약자, 임산부는 각자의 특성과 필요에... "
20260213,[식단 운동 일기] 26.2.13 금요일,https://blog.naver.com/charmdoni/224182985498,참도니 아지트,영양제 비타민c. <b>비타민d</b>. 유산균 챙겨먹음 운동 기록 에이핏 노반복 30분 땀날정도로 함! 하루 정리 ✔️잘한거 어쩌다보니 공복시간이 겁나 길었음 티젠 콤부차 레몬맛 사서 커피 대신 먹고 오늘은 커피 한... 
20260213,명절 건강 선물 고민 해결! 가성비 영양제 선택 기준 공개... ,https://blog.naver.com/lbk4366/224182860203,엘비케이,### 근육 및 뼈 건강을 위한 마그네슘과 <b>비타민 D</b> 나이가 들수록 근육 건강과 뼈 건강 관리는 더욱 중요해집니다. 마그네슘은 신경과 근육 기능 유지에 필수적이며 에너지 생성에도 관여합니다. <b>비타민 D</b>는 칼슘... 
20260213,이노시톨 효능 추천 제품 부작용 총정리,https://blog.naver.com/smtotalcare/224182465652,에스엠,부작용과 복용 시 고려할 점 이노시톨은 비타민 B군과 유사한 구조를 가지고 있어 비교적 안전한 것으로... 엽산이나 <b>비타민 D</b> 등이 함께 포함된 제품 등이 다양하게 나와 있다. 연구에서 자주 사용되는 비율은... 
20260213,칼슘이 많은 음식 뼈건강 위해 챙긴것(비교포함),https://blog.naver.com/wandookong2/224182914394,완두콩맘 공식블로그,"특히 케일은 칼슘 함량이 높으면서도 비타민 K가 풍부해서 칼슘이 뼈에 잘 달라붙도록 도와주는 역할을... 여기서 중요한 게 바로 <b>비타민 D</b>3와 망간이에요. <b>비타민 D</b>3는 장에서 칼슘이 흡수되는 것을 돕고, 망간은... "
20260213,"여성 건강, 이 신호면 그냥 넘기면 안 됩니다",https://blog.naver.com/ddobodomotan/224182296749,아빠 모해,"(빈혈), <b>비타민D</b>, 단백질 섭취가 부족한지 점검 배란/주기 관찰: 앱 기록 + 몸 신호(분비물, 통증, 컨디션)를 함께 보는 방식 임신을 준비 중이라면 “몇 달째 시도 중인지”, “주기 규칙성”, “과거 병력(수술... "
20260213,건강한 삶을 위한 필수 검사 목록,https://blog.naver.com/mimichoilife76/224182890775,mimichoilife76님의 블로그,비타민 및 미네랄 검사 신체에 필요한 비타민과 미네랄의 부족은 여러 가지 건강 문제를 일으킬 수 있습니다. 영양 상태를 평가하기 위한 검사는 다음과 같습니다: - 혈액 내 <b>비타민 D</b> 수치 검사 - 철분 수치 검사... 
20260213,"치아 건강을 지키는 스마트한 선택, 디지털 스캐닝과 음료 추천",https://blog.naver.com/c1ul41l/224182984394,메마른 농담,"유제품의 경우, 칼슘과 <b>비타민 D</b>가 풍부하여 치아와 잇몸 건강에 기여합니다. 결론적으로, 치아 건강을 유지하기 위해서는 정기적인 치과 검진과 올바른 구강 위생 습관, 최신 기술을 활용한 치료와 관리 방법... "
20260213,갈비뼈 골절 치료 방법과 관리 방법,https://blog.naver.com/xskiniic94/224182984018,하늘정형외과의원,"뼈의 주성분인 칼슘뿐만 아니라 칼슘의 흡수를 돕는 <b>비타민 D</b>, 그리고 뼈의 기질을 형성하는 단백질의... 시금치와 브로콜리: 비타민 K가 풍부한 녹색 채소는 골격을 형성하는 단백질인 오스테오칼신이 제 역할을... "
20260213,치아의 구조와 건강: 기본 지식 알아보기,https://blog.naver.com/beeeeeeeeen/224182983838,✨찐후기요정의 솔직한 세상살이 리뷰✨,"특히 칼슘과 <b>비타민 D</b>가 풍부한 식품은 치아의 강도를 높이는 데 도움을 줍니다. - 구강 위생: 하루 두 번 이상 양치질을 하고, 치실을 사용하여 치아 사이의 음식물 찌꺼기를 제거해야 합니다. 이를 통해 충치와... "
20260213,똑똑하게 먹고 ‘건강한 나이듦’을 준비하는 법,https://blog.naver.com/belugatech/224182983174,벨루가의 두뇌 이야기,"또한 단백질과 비타민 B군(B6, B12, 엽산), <b>비타민 D</b> 등은 신경세포 유지와 신경전달물질 생성에 관여하는 영양소로 알려져 있습니다. 보충제보다는 음식으로 섭취하는 것이 우선이며, 개인 건강... "
20260213,고관절의 구조와 건강 관리 방법,https://blog.naver.com/junwoo8316/224182982454,junwoo8316님의블로그,"칼슘과 <b>비타민 D</b>가 풍부한 식사를 통해 뼈의 건강을 지키고, 항산화 물질이 많은 음식을 섭취하면 염증 예방에 효과적입니다. 4. 정기적인 건강 검진: 고관절의 통증이나 불편함을 느끼는 경우, 조기에 전문적인... "
20260213,<b>비타민 D</b>가 치아 건강에 미치는 영향과 그 중요성,https://blog.naver.com/kcg9655/224182981193,K,"<b>비타민 D</b>의 역할 <b>비타민 D</b>는 주로 햇빛을 통해 생성되며, 식품에서도 섭취할 수 있습니다. 이 비타민이 체내에 부족하면 뼈와 치아의 미네랄 대사가 방해받아, 치아의 견고함과 건강에 부정적인 영향을 미칠 수... "
20260213,성장기 청소년을 위한 체계적인 건강 관리 전략,https://blog.naver.com/shj77-/224182980433,하루하루 알차게♪,"- 칼슘과 <b>비타민 D</b>: 뼈의 건강한 성장을 위해 유제품, 견과류, 그리고 초록색 채소를 통해 충분한 칼슘을 섭취해야 하며, <b>비타민 D</b>도 함께 고려하시기 바랍니다. - 그린푸드: 신선한 과일과 채소는 비타민 및... "
20260213,"치아 건강을 지키는 음식, 어떤 것들이 있을까?",https://blog.naver.com/hosanna531/224182979147,써니님의 블로그,"유제품 유제품은 칼슘과 <b>비타민 D</b>가 풍부하여 치아와 뼈를 강화하는 데 도움을 줍니다. 특히 요구... 이들 과일은 씹을 때의 물리적인 힘이 치아를 청소하며, 비타민과 항산화제가 풍부해 전반적인 구강 건강을... "
20260213,생활 속에서 실천하는 간단한 코어 운동 팁,https://blog.naver.com/bsm2887/224182978786,해피한세상속으로:),"칼슘과 <b>비타민 D</b>는 뼈의 밀도를 높여주어 전반적인 골격계를 지지하는 데 필수적입니다. 이 외에도 염증을 줄이는 데 도움이 되는 오메가-3 지방산이 풍부한 식품이나, 항산화 성분이 많은 채소와 과일을 충분히... "
20260213,"골다공증통증완화, 어떻게 생활습관을 개선할 수 있을까",https://blog.naver.com/venture849/224182978778,디아스의 응시,"칼슘과 <b>비타민 D</b>를 섭취해야 뼈의 건강을 지킬 수 있어요 칼cium이 풍부한 유제품뿐만 아니라 브로콜리, 아몬드와 같은 다양한 식품을 포함시키는 것이 좋습니다 <b>비타민 D</b>는 햇볕을 통해 자연스럽게 생성되지만... "
20260213,해돋이건강 아침 해보다 더 뜨거운 건강한 식사 비결,https://blog.naver.com/revive6336/224182978789,명료함 드가,"<b>비타민 D</b>의 힘 햇살은 우리 몸에 <b>비타민 D</b>를 생성하는 데 필수적입니다 <b>비타민 D</b>는 면역 기능을 지원하고, 뼈 건강을 유지하며, 심리적 안정도 돕는 소중한 영양소입니다 해돋이의 부드러운 햇살 아래에서... "
20260213,깁스 후 재활을 위한 숙달된 일상 생활 복귀 팁과 주의점,https://blog.naver.com/gorgkne33ssv/224182976584,깐깐한 엘리의 집착리뷰,"뼈와 근육의 회복을 돕기 위해 칼슘이 풍부한 식품을 섭취하고, <b>비타민 D</b>를 충분히 받아야 합니다. 적절한 단백질 섭취는 근육 회복에 큰 도움을 줍니다. 또한, 적절한 수분 섭취는 신체의 회복을 돕고, 몸의... "
20260213,<b>비타민 D</b>가 치아 건강에 미치는 영향과 그 중요성,https://blog.naver.com/hue2358/224182975993,육아하며 내가 이루고 싶은 것을 위한 노력,"<b>비타민 D</b>의 기능 <b>비타민 D</b>는 칼슘과 인의 흡수를 도와 주어 뼈와 치아의 형성과 유지에 필수적입니다. 이 비타민은 햇빛을 통해 체내에서 합성되며, 특정 식품(예: 생선, 달걀 노른자, 강화된 곡물)에서도 섭취할... "
20260213,고운 미소를 위한 예방과 치료 방법은 어떻게 될까,https://blog.naver.com/side10676/224170841197,향신료 과학,"특히, 칼슘과 <b>비타민 D</b>는 치아를 강하게 유지하는 데 중요한 영양소입니다. 반면, 설탕이 많이 함유된 음료수나 간식은 충치의 원인이 될 수 있으므로 섭취를 줄이는 것이 좋습니다. 개인적으로, 건강한 식사를... "
20260213,온화한 구강을 위한 효과적인 예방 및 관리 가이드,https://blog.naver.com/latter_1698/224179661115,latter_1698님의블로그,"특히, 유제품은 칼슘과 <b>비타민 D</b>가 풍부하여 치아와 잇몸 건강에 도움을 줍니다. 나의 경험적으로, 규칙적으로 건강한 음식을 섭취한 후 구강 건강이 개선된 것을 느꼈습니다. 이를 통해 구강 건강을 위한 식단의... "
20260213,시린이를 줄이는 치석 예방과 함께하는 일상 속 치과상식 학습... ,https://blog.naver.com/zpt511juhzxnf/224182975481,최신 순금 디자인 전문,"특히 칼슘과 <b>비타민 D</b>가 풍부한 음식을 포함하면 치아와 잇몸을 강화하는 데 좋습니다. 또한, 채소나 과일처럼 섬유질이 많은 음식은 자연스럽게 치아를 닦아주는 역할을 해서 플라크 및 치석 예방에 좋습니다.... "
20260213,척추 디스크 예방을 위한 생활 습관,https://blog.naver.com/ksc2837/224182974923,ksc2837님의 블로그,"칼슘과 <b>비타민 D</b>가 풍부한 식단은 뼈를 튼튼하게 만들어 줍니다. 섭취할 음식으로는 우유, 치즈, 잎채소, 견과류 등을 추천합니다. 또한, 과도한 체중은 척추에 부담을 줄 수 있으므로 적절한 체중 관리를 하는... "
20260213,아 옛날 사람들은? 몰랐던 치아 건강 비법,https://blog.naver.com/cldhj99o/224182974940,의성여행,"칼슘 섭취는 기본이고, <b>비타민 D</b>도 꼭 챙겨 먹어야 한당께. 햇볕을 쬐면서 <b>비타민 D</b>를 합성하는 것도 좋은 방법이고. 녹차에 들어있는 폴리페놀 성분도 치아를 튼튼하게 해준다고 하니, 녹차를 즐겨 마시는 것도... "
20260213,충치의 이해: 원인부터 예방까지,https://blog.naver.com/56fzcc4/224182975388,부른 실내,"칼슘과 <b>비타민 D</b>가 풍부한 음식은 치아와 잇몸의 강도를 유지하는 데 필수적입니다. 채소, 과일, 견과류 등은 치아 표면을 자연스럽게 청소하고 잇몸 건강을 증진시키는 데 도움이 되는 것으로 알려져 있습니다.... "
20260213,"속부터 건강해지는 피부 변화, 비밀은 내 식탁과 습관에 있어요!",https://blog.naver.com/mics8llagb/224182973974,새벽의 노래들,이와 더불어 비타민과 미네랄이 풍부한 신선한 채소와 과일을 매 끼니 포함하려는 노력을 이어갔어요.... 실내에만 있기보다 햇볕을 쬐며 바깥 공기를 마시는 활동은 제 기분을 전환시켜줄 뿐 아니라 <b>비타민 D</b>... 
